Node_ID,X,Y,Z,Temperature
0,-0.169271,-0.169271,0.820312,62.152669
1,-0.479818,-0.157118,0.706380,65.565491
2,-0.434172,-0.434172,0.617766,67.965414
3,-0.157118,-0.479818,0.706380,64.159563
4,0.169271,-0.169271,0.820312,58.388027
5,0.157118,-0.479818,0.706380,60.071197
6,0.434172,-0.434172,0.617766,55.997889
7,0.479818,-0.157118,0.706380,54.177326
8,0.169271,0.169271,0.820312,57.118581
9,0.479818,0.157118,0.706380,53.227994
10,0.434172,0.434172,0.617766,53.254621
11,0.157118,0.479818,0.706380,56.354808
12,-0.169271,0.169271,0.820312,60.453466
13,-0.157118,0.479818,0.706380,59.182367
14,-0.434172,0.434172,0.617766,61.605515
15,-0.479818,0.157118,0.706380,63.355352
16,0.169271,-0.169271,-0.820312,58.388027
17,0.479818,-0.157118,-0.706380,54.177326
18,0.434172,-0.434172,-0.617766,55.997889
19,0.157118,-0.479818,-0.706380,60.071197
20,-0.169271,-0.169271,-0.820312,62.152669
21,-0.157118,-0.479818,-0.706380,64.159563
22,-0.434172,-0.434172,-0.617766,67.965414
23,-0.479818,-0.157118,-0.706380,65.565491
24,-0.169271,0.169271,-0.820312,60.453466
25,-0.479818,0.157118,-0.706380,63.355352
26,-0.434172,0.434172,-0.617766,61.605515
27,-0.157118,0.479818,-0.706380,59.182367
28,0.169271,0.169271,-0.820312,57.118581
29,0.157118,0.479818,-0.706380,56.354808
30,0.434172,0.434172,-0.617766,53.254621
31,0.479818,0.157118,-0.706380,53.227994
32,-0.169271,0.820312,0.169271,58.242298
33,-0.479818,0.706380,0.157118,60.928516
34,-0.434172,0.617766,0.434172,60.900992
35,-0.157118,0.706380,0.479818,58.485157
36,0.169271,0.820312,0.169271,55.313554
37,0.157118,0.706380,0.479818,55.766147
38,0.434172,0.617766,0.434172,52.823672
39,0.479818,0.706380,0.157118,51.900914
40,0.169271,0.820312,-0.169271,55.313554
41,0.479818,0.706380,-0.157118,51.900914
42,0.434172,0.617766,-0.434172,52.823672
43,0.157118,0.706380,-0.479818,55.766147
44,-0.169271,0.820312,-0.169271,58.242298
45,-0.157118,0.706380,-0.479818,58.485157
46,-0.434172,0.617766,-0.434172,60.900992
47,-0.479818,0.706380,-0.157118,60.928516
48,-0.169271,-0.820312,-0.169271,69.250548
49,-0.479818,-0.706380,-0.157118,78.820938
50,-0.434172,-0.617766,-0.434172,71.524407
51,-0.157118,-0.706380,-0.479818,66.603718
52,0.169271,-0.820312,-0.169271,62.400056
53,0.157118,-0.706380,-0.479818,61.556851
54,0.434172,-0.617766,-0.434172,56.839549
55,0.479818,-0.706380,-0.157118,56.445836
56,0.169271,-0.820312,0.169271,62.400056
57,0.479818,-0.706380,0.157118,56.445836
58,0.434172,-0.617766,0.434172,56.839549
59,0.157118,-0.706380,0.479818,61.556851
60,-0.169271,-0.820312,0.169271,69.250548
61,-0.157118,-0.706380,0.479818,66.603718
62,-0.434172,-0.617766,0.434172,71.524407
63,-0.479818,-0.706380,0.157118,78.820938
64,0.820312,-0.169271,0.169271,41.057643
65,0.706380,-0.157118,0.479818,48.957846
66,0.617766,-0.434172,0.434172,52.493494
67,0.706380,-0.479818,0.157118,49.995276
68,0.820312,-0.169271,-0.169271,41.057643
69,0.706380,-0.479818,-0.157118,49.995276
70,0.617766,-0.434172,-0.434172,52.493494
71,0.706380,-0.157118,-0.479818,48.957846
72,0.820312,0.169271,-0.169271,40.194338
73,0.706380,0.157118,-0.479818,48.117062
74,0.617766,0.434172,-0.434172,50.023800
75,0.706380,0.479818,-0.157118,47.378643
76,0.820312,0.169271,0.169271,40.194338
77,0.706380,0.479818,0.157118,47.378643
78,0.617766,0.434172,0.434172,50.023800
79,0.706380,0.157118,0.479818,48.117062
80,-0.820312,-0.169271,-0.169271,71.783693
81,-0.706380,-0.157118,-0.479818,68.808387
82,-0.617766,-0.434172,-0.434172,72.199368
83,-0.706380,-0.479818,-0.157118,79.619679
84,-0.820312,-0.169271,0.169271,71.783693
85,-0.706380,-0.479818,0.157118,79.619679
86,-0.617766,-0.434172,0.434172,72.199368
87,-0.706380,-0.157118,0.479818,68.808387
88,-0.820312,0.169271,0.169271,66.998640
89,-0.706380,0.157118,0.479818,65.639747
90,-0.617766,0.434172,0.434172,63.122136
91,-0.706380,0.479818,0.157118,63.655546
92,-0.820312,0.169271,-0.169271,66.998640
93,-0.706380,0.479818,-0.157118,63.655546
94,-0.617766,0.434172,-0.434172,63.122136
95,-0.706380,0.157118,-0.479818,65.639747
96,-0.163194,-0.331543,0.777507,63.111498
97,0.000000,-0.172309,0.834635,60.320156
98,-0.172309,0.000000,0.834635,61.266815
99,-0.331543,-0.163194,0.777507,63.893485
100,-0.488390,0.000000,0.718859,64.427682
101,-0.607096,-0.154080,0.607096,67.179684
102,-0.459834,-0.304941,0.671748,66.745267
103,-0.540039,-0.419922,0.540039,69.833705
104,-0.419922,-0.540039,0.540039,69.376827
105,-0.304941,-0.459834,0.671748,66.108751
106,-0.154080,-0.607096,0.607096,65.301255
107,0.000000,-0.488390,0.718859,62.136546
108,0.331543,-0.163194,0.777507,56.353471
109,0.172309,0.000000,0.834635,57.673025
110,0.163194,-0.331543,0.777507,59.213502
111,0.154080,-0.607096,0.607096,60.884898
112,0.304941,-0.459834,0.671748,58.007600
113,0.419922,-0.540039,0.540039,56.695194
114,0.540039,-0.419922,0.540039,54.114067
115,0.459834,-0.304941,0.671748,55.051314
116,0.607096,-0.154080,0.607096,51.772102
117,0.488390,0.000000,0.718859,53.534753
118,0.163194,0.331543,0.777507,56.691448
119,0.000000,0.172309,0.834635,58.837112
120,0.331543,0.163194,0.777507,55.264235
121,0.607096,0.154080,0.607096,50.906767
122,0.459834,0.304941,0.671748,53.171127
123,0.540039,0.419922,0.540039,51.624134
124,0.419922,0.540039,0.540039,53.200650
125,0.304941,0.459834,0.671748,54.825014
126,0.154080,0.607096,0.607096,56.060317
127,0.000000,0.488390,0.718859,57.807106
128,-0.331543,0.163194,0.777507,61.967790
129,-0.163194,0.331543,0.777507,59.752985
130,-0.154080,0.607096,0.607096,58.757758
131,-0.304941,0.459834,0.671748,60.464384
132,-0.419922,0.540039,0.540039,61.075881
133,-0.540039,0.419922,0.540039,62.537371
134,-0.459834,0.304941,0.671748,62.403299
135,-0.607096,0.154080,0.607096,64.595432
136,0.163194,-0.331543,-0.777507,59.213502
137,0.000000,-0.172309,-0.834635,60.320156
138,0.172309,0.000000,-0.834635,57.673025
139,0.331543,-0.163194,-0.777507,56.353471
140,0.488390,0.000000,-0.718859,53.534753
141,0.607096,-0.154080,-0.607096,51.772102
142,0.459834,-0.304941,-0.671748,55.051314
143,0.540039,-0.419922,-0.540039,54.114067
144,0.419922,-0.540039,-0.540039,56.695194
145,0.304941,-0.459834,-0.671748,58.007600
146,0.154080,-0.607096,-0.607096,60.884898
147,0.000000,-0.488390,-0.718859,62.136546
148,-0.331543,-0.163194,-0.777507,63.893485
149,-0.172309,0.000000,-0.834635,61.266815
150,-0.163194,-0.331543,-0.777507,63.111498
151,-0.154080,-0.607096,-0.607096,65.301255
152,-0.304941,-0.459834,-0.671748,66.108751
153,-0.419922,-0.540039,-0.540039,69.376827
154,-0.540039,-0.419922,-0.540039,69.833705
155,-0.459834,-0.304941,-0.671748,66.745267
156,-0.607096,-0.154080,-0.607096,67.179684
157,-0.488390,0.000000,-0.718859,64.427682
158,-0.163194,0.331543,-0.777507,59.752985
159,0.000000,0.172309,-0.834635,58.837112
160,-0.331543,0.163194,-0.777507,61.967790
161,-0.607096,0.154080,-0.607096,64.595432
162,-0.459834,0.304941,-0.671748,62.403299
163,-0.540039,0.419922,-0.540039,62.537371
164,-0.419922,0.540039,-0.540039,61.075881
165,-0.304941,0.459834,-0.671748,60.464384
166,-0.154080,0.607096,-0.607096,58.757758
167,0.000000,0.488390,-0.718859,57.807106
168,0.331543,0.163194,-0.777507,55.264235
169,0.163194,0.331543,-0.777507,56.691448
170,0.154080,0.607096,-0.607096,56.060317
171,0.304941,0.459834,-0.671748,54.825014
172,0.419922,0.540039,-0.540039,53.200650
173,0.540039,0.419922,-0.540039,51.624134
174,0.459834,0.304941,-0.671748,53.171127
175,0.607096,0.154080,-0.607096,50.906767
176,-0.163194,0.777507,0.331543,58.322060
177,0.000000,0.834635,0.172309,56.820916
178,-0.172309,0.834635,0.000000,58.223291
179,-0.331543,0.777507,0.163194,59.602853
180,-0.488390,0.718859,0.000000,60.947004
181,-0.607096,0.607096,0.154080,62.257009
182,-0.459834,0.671748,0.304941,60.901258
183,-0.540039,0.540039,0.419922,62.013456
184,-0.304941,0.671748,0.459834,59.736004
185,0.000000,0.718859,0.488390,57.161870
186,0.331543,0.777507,0.163194,53.689283
187,0.172309,0.834635,0.000000,55.238692
188,0.163194,0.777507,0.331543,55.503397
189,0.304941,0.671748,0.459834,54.306920
190,0.540039,0.540039,0.419922,51.350432
191,0.459834,0.671748,0.304941,52.304060
192,0.607096,0.607096,0.154080,49.854352
193,0.488390,0.718859,0.000000,51.737019
194,0.163194,0.777507,-0.331543,55.503397
195,0.000000,0.834635,-0.172309,56.820916
196,0.331543,0.777507,-0.163194,53.689283
197,0.607096,0.607096,-0.154080,49.854352
198,0.459834,0.671748,-0.304941,52.304060
199,0.540039,0.540039,-0.419922,51.350432
200,0.304941,0.671748,-0.459834,54.306920
201,0.000000,0.718859,-0.488390,57.161870
202,-0.331543,0.777507,-0.163194,59.602853
203,-0.163194,0.777507,-0.331543,58.322060
204,-0.304941,0.671748,-0.459834,59.736004
205,-0.540039,0.540039,-0.419922,62.013456
206,-0.459834,0.671748,-0.304941,60.901258
207,-0.607096,0.607096,-0.154080,62.257009
208,-0.163194,-0.777507,-0.331543,68.010648
209,0.000000,-0.834635,-0.172309,65.620364
210,-0.172309,-0.834635,0.000000,69.859414
211,-0.331543,-0.777507,-0.163194,73.586202
212,-0.488390,-0.718859,0.000000,83.025674
213,-0.607096,-0.607096,-0.154080,84.256573
214,-0.459834,-0.671748,-0.304941,74.705254
215,-0.540039,-0.540039,-0.419922,72.969199
216,-0.304941,-0.671748,-0.459834,69.196997
217,0.000000,-0.718859,-0.488390,64.040915
218,0.331543,-0.777507,-0.163194,59.390695
219,0.172309,-0.834635,0.000000,62.504523
220,0.163194,-0.777507,-0.331543,62.069060
221,0.304941,-0.671748,-0.459834,59.141713
222,0.540039,-0.540039,-0.419922,54.594764
223,0.459834,-0.671748,-0.304941,56.646746
224,0.607096,-0.607096,-0.154080,53.392925
225,0.488390,-0.718859,0.000000,56.344832
226,0.163194,-0.777507,0.331543,62.069060
227,0.000000,-0.834635,0.172309,65.620364
228,0.331543,-0.777507,0.163194,59.390695
229,0.607096,-0.607096,0.154080,53.392925
230,0.459834,-0.671748,0.304941,56.646746
231,0.540039,-0.540039,0.419922,54.594764
232,0.304941,-0.671748,0.459834,59.141713
233,0.000000,-0.718859,0.488390,64.040915
234,-0.331543,-0.777507,0.163194,73.586202
235,-0.163194,-0.777507,0.331543,68.010648
236,-0.304941,-0.671748,0.459834,69.196997
237,-0.540039,-0.540039,0.419922,72.969199
238,-0.459834,-0.671748,0.304941,74.705254
239,-0.607096,-0.607096,0.154080,84.256573
240,0.777507,-0.331543,0.163194,45.972195
241,0.834635,-0.172309,0.000000,36.790076
242,0.834635,0.000000,0.172309,36.334359
243,0.777507,-0.163194,0.331543,45.473389
244,0.718859,0.000000,0.488390,48.005420
245,0.671748,-0.304941,0.459834,50.611016
246,0.671748,-0.459834,0.304941,51.139754
247,0.718859,-0.488390,0.000000,49.499418
248,0.777507,-0.163194,-0.331543,45.473389
249,0.834635,0.000000,-0.172309,36.334359
250,0.777507,-0.331543,-0.163194,45.972195
251,0.671748,-0.459834,-0.304941,51.139754
252,0.671748,-0.304941,-0.459834,50.611016
253,0.718859,0.000000,-0.488390,48.005420
254,0.777507,0.331543,-0.163194,44.240126
255,0.834635,0.172309,0.000000,35.916222
256,0.777507,0.163194,-0.331543,44.627027
257,0.671748,0.304941,-0.459834,48.941114
258,0.671748,0.459834,-0.304941,48.592141
259,0.718859,0.488390,0.000000,46.852922
260,0.777507,0.163194,0.331543,44.627027
261,0.777507,0.331543,0.163194,44.240126
262,0.671748,0.459834,0.304941,48.592141
263,0.671748,0.304941,0.459834,48.941114
264,-0.777507,-0.331543,-0.163194,75.221149
265,-0.834635,-0.172309,0.000000,72.426284
266,-0.834635,0.000000,-0.172309,69.133893
267,-0.777507,-0.163194,-0.331543,70.427582
268,-0.718859,0.000000,-0.488390,67.138419
269,-0.671748,-0.304941,-0.459834,70.593822
270,-0.671748,-0.459834,-0.304941,75.465563
271,-0.718859,-0.488390,0.000000,83.832042
272,-0.777507,-0.163194,0.331543,70.427582
273,-0.834635,0.000000,0.172309,69.133893
274,-0.777507,-0.331543,0.163194,75.221149
275,-0.671748,-0.459834,0.304941,75.465563
276,-0.671748,-0.304941,0.459834,70.593822
277,-0.718859,0.000000,0.488390,67.138419
278,-0.777507,0.331543,0.163194,65.207144
279,-0.834635,0.172309,0.000000,67.182139
280,-0.777507,0.163194,0.331543,66.458296
281,-0.671748,0.304941,0.459834,64.297721
282,-0.671748,0.459834,0.304941,63.456641
283,-0.718859,0.488390,0.000000,63.714689
284,-0.777507,0.163194,-0.331543,66.458296
285,-0.777507,0.331543,-0.163194,65.207144
286,-0.671748,0.459834,-0.304941,63.456641
287,-0.671748,0.304941,-0.459834,64.297721
288,-0.318952,-0.318952,0.737422,64.966725
289,0.318952,-0.318952,0.737422,57.160735
290,0.318952,0.318952,0.737422,55.002947
291,-0.318952,0.318952,0.737422,61.139135
292,0.318952,-0.318952,-0.737422,57.160735
293,-0.318952,-0.318952,-0.737422,64.966725
294,-0.318952,0.318952,-0.737422,61.139135
295,0.318952,0.318952,-0.737422,55.002947
296,-0.318952,0.737422,0.318952,59.634414
297,0.318952,0.737422,0.318952,53.960137
298,0.318952,0.737422,-0.318952,53.960137
299,-0.318952,0.737422,-0.318952,59.634414
300,-0.318952,-0.737422,-0.318952,71.303633
301,0.318952,-0.737422,-0.318952,59.334978
302,0.318952,-0.737422,0.318952,59.334978
303,-0.318952,-0.737422,0.318952,71.303633
304,0.737422,-0.318952,0.318952,48.214870
305,0.737422,-0.318952,-0.318952,48.214870
306,0.737422,0.318952,-0.318952,46.518993
307,0.737422,0.318952,0.318952,46.518993
308,-0.737422,-0.318952,-0.318952,72.860392
309,-0.737422,-0.318952,0.318952,72.860392
310,-0.737422,0.318952,0.318952,64.870137
311,-0.737422,0.318952,-0.318952,64.870137
312,-0.337484,0.000000,0.791151,62.902992
313,-0.579536,-0.297580,0.579536,68.556359
314,-0.297580,-0.579536,0.579536,67.446769
315,0.000000,-0.337484,0.791151,61.202021
316,0.297580,-0.579536,0.579536,58.726872
317,0.579536,-0.297580,0.579536,52.866041
318,0.337484,0.000000,0.791151,55.694003
319,0.579536,0.297580,0.579536,51.157626
320,0.297580,0.579536,0.579536,54.626099
321,0.000000,0.337484,0.791151,58.266528
322,-0.297580,0.579536,0.579536,59.981787
323,-0.579536,0.297580,0.579536,63.483735
324,0.337484,0.000000,-0.791151,55.694003
325,0.579536,-0.297580,-0.579536,52.866041
326,0.297580,-0.579536,-0.579536,58.726872
327,0.000000,-0.337484,-0.791151,61.202021
328,-0.297580,-0.579536,-0.579536,67.446769
329,-0.579536,-0.297580,-0.579536,68.556359
330,-0.337484,0.000000,-0.791151,62.902992
331,-0.579536,0.297580,-0.579536,63.483735
332,-0.297580,0.579536,-0.579536,59.981787
333,0.000000,0.337484,-0.791151,58.266528
334,0.297580,0.579536,-0.579536,54.626099
335,0.579536,0.297580,-0.579536,51.157626
336,-0.337484,0.791151,0.000000,59.604822
337,-0.579536,0.579536,0.297580,62.158176
338,0.000000,0.791151,0.337484,56.952234
339,0.579536,0.579536,0.297580,50.513261
340,0.337484,0.791151,0.000000,53.578731
341,0.579536,0.579536,-0.297580,50.513261
342,0.000000,0.791151,-0.337484,56.952234
343,-0.579536,0.579536,-0.297580,62.158176
344,-0.337484,-0.791151,0.000000,74.978211
345,-0.579536,-0.579536,-0.297580,76.992560
346,0.000000,-0.791151,-0.337484,64.930278
347,0.579536,-0.579536,-0.297580,53.932840
348,0.337484,-0.791151,0.000000,59.384690
349,0.579536,-0.579536,0.297580,53.932840
350,0.000000,-0.791151,0.337484,64.930278
351,-0.579536,-0.579536,0.297580,76.992560
352,0.791151,0.000000,0.337484,43.659751
353,0.791151,-0.337484,0.000000,44.611367
354,0.791151,0.000000,-0.337484,43.659751
355,0.791151,0.337484,0.000000,42.858773
356,-0.791151,0.000000,-0.337484,68.284401
357,-0.791151,-0.337484,0.000000,76.631362
358,-0.791151,0.000000,0.337484,68.284401
359,-0.791151,0.337484,0.000000,65.311338
360,0.000000,0.000000,0.849175,59.524304
361,0.000000,0.000000,-0.849175,59.524304
362,0.000000,0.849175,0.000000,56.775961
363,0.000000,-0.849175,0.000000,65.900321
364,0.849175,0.000000,0.000000,20.000000
365,-0.849175,0.000000,0.000000,69.468184
366,0.000000,-0.617893,0.617893,63.090930
367,0.617893,0.000000,0.617893,51.070772
368,0.000000,0.617893,0.617893,57.444512
369,-0.617893,0.000000,0.617893,65.838292
370,0.000000,-0.617893,-0.617893,63.090930
371,-0.617893,0.000000,-0.617893,65.838292
372,0.000000,0.617893,-0.617893,57.444512
373,0.617893,0.000000,-0.617893,51.070772
374,0.617893,0.617893,0.000000,49.590381
375,-0.617893,0.617893,0.000000,62.291752
376,0.617893,-0.617893,0.000000,53.170650
377,-0.617893,-0.617893,0.000000,100.000000
378,-0.501543,-0.501543,0.501543,70.705513
379,0.501543,-0.501543,0.501543,55.131525
380,-0.501543,0.501543,0.501543,61.875637
381,0.501543,0.501543,0.501543,52.055255
382,-0.501543,-0.501543,-0.501543,70.705513
383,0.501543,-0.501543,-0.501543,55.131525
384,-0.501543,0.501543,-0.501543,61.875637
385,0.501543,0.501543,-0.501543,52.055255
